<?xml version="1.0" encoding="UTF-8"?>
<module xmlns="urn:jboss:module:1.1" name="org.keycloak.admin-client">
    <resources>
        <resource-root path="keycloak-admin-client-25.0.6.jar"/>
    </resources>

    <dependencies>
        <module name="org.keycloak.keycloak-core"/>
        <module name="org.keycloak.keycloak-common"/>
        <module name="java.se" export="true"/>
        <module name="java.xml" export="true"/>
        <module name="java.xml.crypto" export="true"/>
        <module name="jdk.xml.dom" export="true"/>
        <module name="jakarta.ws.rs.api"/>
        <module name="jakarta.servlet.api"/>
        <module name="org.jboss.resteasy.resteasy-jaxrs"/>
        <module name="org.slf4j"/>
    </dependencies>
</module>
