<?xml version="1.0" encoding="UTF-8"?>
<module xmlns="urn:jboss:module:1.1" name="org.apache.jclouds">
  <resources>
    <resource-root path="aopalliance-1.0.jar"/>
    <resource-root path="checker-qual-3.33.0.jar"/>
    <resource-root path="error_prone_annotations-2.18.0.jar"/>
    <resource-root path="failureaccess-1.0.1.jar"/>
    <resource-root path="gson-2.10.1.jar"/>
    <resource-root path="guava-32.0.0-jre.jar"/>
    <resource-root path="guice-7.0.0.jar"/>
    <resource-root path="guice-assistedinject-7.0.0.jar"/>
    <resource-root path="j2objc-annotations-2.8.jar"/>
    <resource-root path="jakarta.activation-1.2.2.jar"/>
    <resource-root path="jakarta.xml.bind-api-2.3.3.jar"/>
    <resource-root path="jakarta.annotation-api-2.0.0.jar"/>
    <resource-root path="jakarta.inject-api-2.0.1.jar"/>
    <resource-root path="jakarta.ws.rs-api-3.0.0.jar"/>
    <resource-root path="jaxb-impl-2.3.3.jar"/>
    <resource-root path="jsr305-3.0.2.jar"/>
    <resource-root path="listenablefuture-9999.0-empty-to-avoid-conflict-with-guava.jar"/>
    <resource-root path="atmos-2.6.0.jar"/>
    <resource-root path="aws-s3-2.6.0.jar"/>
    <resource-root path="azureblob-2.6.0.jar"/>
    <resource-root path="b2-2.6.0.jar"/>
    <resource-root path="filesystem-2.6.0.jar"/>
    <resource-root path="glacier-2.6.0.jar"/>
    <resource-root path="googlecloud-2.6.0.jar"/>
    <resource-root path="google-cloud-storage-2.6.0.jar"/>
    <resource-root path="jclouds-allblobstore-2.6.0.jar"/>
    <resource-root path="jclouds-blobstore-2.6.0.jar"/>
    <resource-root path="jclouds-core-2.6.0.jar"/>
    <resource-root path="jclouds-slf4j-2.6.0.jar"/>
    <resource-root path="oauth-2.6.0.jar"/>
    <resource-root path="openstack-keystone-2.6.0.jar"/>
    <resource-root path="openstack-swift-2.6.0.jar"/>
    <resource-root path="rackspace-cloudfiles-2.6.0.jar"/>
    <resource-root path="rackspace-cloudfiles-uk-2.6.0.jar"/>
    <resource-root path="rackspace-cloudfiles-us-2.6.0.jar"/>
    <resource-root path="rackspace-cloudidentity-2.6.0.jar"/>
    <resource-root path="s3-2.6.0.jar"/>
    <resource-root path="sts-2.6.0.jar"/>
  </resources>

  <dependencies>
    <module name="org.slf4j"/>
  </dependencies>
</module>
